date,action,selected_pair,direction,total_score,xagusd_score,return_pct,xagusd_return_pct
2022-03-09,TRADE,XAGEUR,long,14.14,4.36,-2.295,-1.9917
2022-03-10,TRADE,XAGGBP,long,11.35,5.28,-2.8373,-4.118
2022-03-11,TRADE,XAGGBP,long,12.5,5.14,-5.0896,-5.5007
2022-03-14,TRADE,XAGJPY,long,12.67,4.28,2.5032,1.3469
2022-03-15,TRADE,XAGJPY,long,12.46,-0.2,-0.0446,-0.2707
2022-03-16,TRADE,XAGGBP,long,10.27,0.19,1.5903,2.4807
2022-03-17,TRADE,XAGJPY,long,14.03,5.19,-2.1397,-2.7322
2022-03-18,TRADE,XAGJPY,long,11.28,1.35,2.8788,0.459
2022-03-21,TRADE,XAGJPY,long,10.45,4.1,4.0456,2.4444
2022-03-22,TRADE,XAGJPY,long,11.45,2.31,5.2199,2.8531
2022-03-23,TRADE,XAGJPY,long,16.12,4.69,0.7905,0.0238
2022-03-24,TRADE,XAGJPY,long,15.3,4.16,-2.5758,-4.5714
2022-03-25,TRADE,XAGJPY,long,17.31,3.95,-1.2978,-1.9222
2022-03-28,TRADE,XAGJPY,long,14.47,0.72,-0.4217,-0.2185
2022-03-29,TRADE,XAGJPY,long,18.76,0.77,-1.8345,-0.2994
2022-03-30,TRADE,XAGJPY,long,14.2,3.32,-2.4771,-2.0675
2022-03-31,TRADE,XAGJPY,long,11.15,2.11,-1.73,-2.3606
2022-04-01,TRADE,XAGJPY,long,7.82,1.88,0.7898,-0.7589
2022-04-04,TRADE,XAGJPY,long,10.7,1.22,1.5193,0.6061
2022-04-05,TRADE,XAGJPY,long,12.79,2.32,2.2468,1.1864
2022-04-06,TRADE,XAGJPY,long,11.43,0.66,2.7408,2.1386
2022-04-07,TRADE,XAGJPY,long,14.6,-0.26,5.4812,4.0108
2022-04-08,TRADE,XAGJPY,long,15.51,-0.61,5.9542,4.839
2022-04-11,TRADE,XAGJPY,long,15.47,1.89,3.6708,2.8505
2022-04-12,TRADE,XAGJPY,long,17.66,5.6,2.5413,1.6132
2022-04-13,TRADE,XAGJPY,long,16.83,3.98,-1.1087,-2.4174
2022-04-14,TRADE,XAGJPY,long,16.48,4.32,1.4688,-1.6349
2022-04-18,TRADE,XAGJPY,long,18.01,5.06,-4.7733,-5.811
2022-04-19,TRADE,XAGJPY,long,17.65,4.96,-3.4815,-4.4662
2022-04-20,TRADE,XAGJPY,long,20.51,2.26,-6.8667,-6.3395
2022-04-21,TRADE,XAGJPY,long,18.15,0.54,-4.5834,-4.3824
2022-04-22,TRADE,XAGUSD,short,5.7,5.7,3.2939,3.2939
2022-04-25,TRADE,XAGUSD,short,9.26,9.26,2.2773,2.2773
2022-04-26,TRADE,XAGUSD,short,9.52,9.52,2.1324,2.1324
2022-04-27,TRADE,XAGUSD,short,10.7,10.7,3.8963,3.8963
2022-04-28,TRADE,XAGUSD,short,12.65,12.65,2.1964,2.1964
2022-04-29,TRADE,XAGUSD,short,13.27,13.27,2.9427,2.9427
2022-05-02,TRADE,XAGUSD,short,13.01,13.01,0.6388,0.6388
2022-05-03,TRADE,XAGUSD,short,13.42,13.42,1.3085,1.3085
2022-05-04,TRADE,XAGUSD,short,14.45,14.45,2.5937,2.5937
2022-05-05,TRADE,XAGUSD,short,11.58,11.58,4.5089,4.5089
2022-05-06,TRADE,XAGUSD,short,13.39,13.39,3.4715,3.4715
2022-05-09,TRADE,XAGUSD,short,14.26,14.26,4.7057,4.7057
2022-05-10,TRADE,XAGUSD,short,14.5,14.5,1.8981,1.8981
2022-05-11,TRADE,XAGUSD,short,15.25,15.25,0.0696,0.0696
2022-05-12,TRADE,XAGUSD,short,16.61,16.61,-4.7213,-4.7213
2022-05-13,TRADE,XAGUSD,short,15.87,15.87,-2.6163,-2.6163
2022-05-16,TRADE,XAGUSD,short,14.46,14.46,-1.6856,-1.6856
2022-05-17,TRADE,XAGUSD,short,13.27,13.27,0.3128,0.3128
2022-05-18,TRADE,XAGUSD,short,11.54,11.54,-0.8824,-0.8824
2022-05-19,TRADE,XAGUSD,short,12.65,12.65,-0.7535,-0.7535
2022-05-20,TRADE,XAGUSD,short,9.64,9.64,-0.8814,-0.8814
2022-05-23,TRADE,XAGUSD,short,8.29,8.29,-1.0035,-1.0035
2022-05-24,TRADE,XAGCHF,short,6.98,4.75,0.7785,0.0136
2022-05-25,TRADE,XAGCHF,short,9.69,6.53,1.1593,0.9561
2022-05-26,TRADE,XAGCHF,short,7.25,3.95,0.4683,0.2598
2022-05-27,TRADE,XAGUSD,short,4.1,4.1,-0.8794,-0.8794
2022-05-31,TRADE,XAGNZD,short,9.17,3.28,-1.0714,-1.1039
2022-06-01,TRADE,XAGCAD,short,8.12,4.11,-0.4364,-0.8682
2022-06-02,TRADE,XAGUSD,short,3.15,3.15,0.4269,0.4269
2022-06-03,TRADE,XAGCAD,short,9.38,3.94,-0.5742,-0.8406
2022-06-06,TRADE,XAGCAD,short,7.11,4.76,1.513,1.2549
2022-06-07,TRADE,XAGCAD,short,7.32,3.28,0.1456,1.1102
2022-06-08,TRADE,XAGCAD,short,9.81,4.69,1.7934,3.7963
2022-06-09,TRADE,XAGCAD,short,11.36,6.18,1.3637,3.9501
2022-06-10,TRADE,XAGUSD,short,8.34,8.34,2.3319,2.3319
2022-06-13,TRADE,XAGUSD,short,12.95,12.95,-2.9714,-2.9714
2022-06-14,TRADE,XAGUSD,short,14.1,14.1,-3.0426,-3.0426
2022-06-15,TRADE,XAGUSD,short,15.73,15.73,-1.6447,-1.6447
2022-06-16,TRADE,XAGUSD,short,9.35,9.35,2.1036,2.1036
2022-06-17,TRADE,XAGUSD,short,11.13,11.13,2.5078,2.5078
2022-06-21,TRADE,XAGUSD,short,9.0,9.0,2.9328,2.9328
2022-06-22,TRADE,XAGUSD,short,10.89,10.89,1.1585,1.1585
2022-06-23,TRADE,XAGUSD,short,12.23,12.23,1.1173,1.1173
2022-06-24,TRADE,XAGUSD,short,13.14,13.14,2.1216,2.1216
2022-06-27,TRADE,XAGUSD,short,11.57,11.57,4.1448,4.1448
2022-06-28,TRADE,XAGUSD,short,12.1,12.1,5.7701,5.7701
2022-06-29,TRADE,XAGUSD,short,11.55,11.55,7.8188,7.8188
2022-06-30,TRADE,XAGUSD,short,12.46,12.46,5.9018,5.9018
2022-07-01,SKIP_SEASONAL,NONE,none,0.0,0.0,0.0,0.0
2022-07-05,SKIP_SEASONAL,NONE,none,0.0,0.0,0.0,0.0
2022-07-06,SKIP_SEASONAL,NONE,none,0.0,0.0,0.0,0.0
2022-07-07,SKIP_SEASONAL,NONE,none,0.0,0.0,0.0,0.0
2022-07-08,SKIP_SEASONAL,NONE,none,0.0,0.0,0.0,0.0
2022-07-11,SKIP_SEASONAL,NONE,none,0.0,0.0,0.0,0.0
2022-07-12,SKIP_SEASONAL,NONE,none,0.0,0.0,0.0,0.0
2022-07-13,SKIP_SEASONAL,NONE,none,0.0,0.0,0.0,0.0
2022-07-14,SKIP_SEASONAL,NONE,none,0.0,0.0,0.0,0.0
2022-07-15,SKIP_SEASONAL,NONE,none,0.0,0.0,0.0,0.0
2022-07-18,SKIP_SEASONAL,NONE,none,0.0,0.0,0.0,0.0
2022-07-19,SKIP_SEASONAL,NONE,none,0.0,0.0,0.0,0.0
2022-07-20,SKIP_SEASONAL,NONE,none,0.0,0.0,0.0,0.0
2022-07-21,SKIP_SEASONAL,NONE,none,0.0,0.0,0.0,0.0
2022-07-22,SKIP_SEASONAL,NONE,none,0.0,0.0,0.0,0.0
2022-07-25,SKIP_SEASONAL,NONE,none,0.0,0.0,0.0,0.0
2022-07-26,SKIP_SEASONAL,NONE,none,0.0,0.0,0.0,0.0
2022-07-27,SKIP_SEASONAL,NONE,none,0.0,0.0,0.0,0.0
2022-07-28,SKIP_SEASONAL,NONE,none,0.0,0.0,0.0,0.0
2022-07-29,SKIP_SEASONAL,NONE,none,0.0,0.0,0.0,0.0
2022-08-01,TRADE,XAGCHF,short,4.83,-0.12,0.2547,1.0973
2022-08-02,TRADE,XAGJPY,short,7.08,-1.13,0.6366,1.4225
2022-08-03,TRADE,XAGJPY,short,3.64,0.25,-4.9638,-3.6597
2022-08-04,TRADE,XAGCHF,short,2.58,0.43,-1.118,-1.7862
2022-08-05,TRADE,XAGJPY,short,5.52,-0.2,-6.5586,-4.5361
2022-08-08,TRADE,XAGUSD,short,1.81,1.81,1.2918,1.2918
2022-08-09,TRADE,XAGCHF,short,4.07,0.85,0.3648,-1.0705
2022-08-10,TRADE,XAGCHF,short,4.74,0.19,3.5213,2.2541
2022-08-11,TRADE,XAGCHF,short,7.14,-2.64,0.9006,1.2841
2022-08-12,TRADE,XAGAUD,short,6.5,-2.16,3.5379,4.6719
2022-08-15,TRADE,XAGAUD,short,11.07,-1.3,1.384,3.9652
2022-08-16,TRADE,XAGCHF,short,7.7,1.11,3.9514,5.0187
2022-08-17,TRADE,XAGCHF,short,8.1,4.76,3.3299,4.2514
2022-08-18,TRADE,XAGUSD,short,10.09,10.09,2.2419,2.2419
2022-08-19,TRADE,XAGUSD,short,11.69,11.69,0.8553,0.8553
2022-08-22,TRADE,XAGUSD,short,12.94,12.94,-1.2611,-1.2611
2022-08-23,TRADE,XAGUSD,short,13.2,13.2,1.4307,1.4307
2022-08-24,TRADE,XAGUSD,short,11.9,11.9,1.7994,1.7994
2022-08-25,TRADE,XAGUSD,short,11.91,11.91,4.9814,4.9814
2022-08-26,TRADE,XAGUSD,short,11.12,11.12,5.2188,5.2188
2022-08-29,TRADE,XAGUSD,short,12.15,12.15,5.4109,5.4109
2022-08-30,TRADE,XAGUSD,short,11.37,11.37,2.1092,2.1092
2022-08-31,TRADE,XAGUSD,short,12.04,12.04,-0.1858,-0.1858
2022-09-01,SKIP_SEASONAL,NONE,none,0.0,0.0,0.0,0.0
2022-09-02,SKIP_SEASONAL,NONE,none,0.0,0.0,0.0,0.0
2022-09-06,SKIP_SEASONAL,NONE,none,0.0,0.0,0.0,0.0
2022-09-07,SKIP_SEASONAL,NONE,none,0.0,0.0,0.0,0.0
2022-09-08,SKIP_SEASONAL,NONE,none,0.0,0.0,0.0,0.0
2022-09-09,SKIP_SEASONAL,NONE,none,0.0,0.0,0.0,0.0
2022-09-12,SKIP_SEASONAL,NONE,none,0.0,0.0,0.0,0.0
2022-09-13,SKIP_SEASONAL,NONE,none,0.0,0.0,0.0,0.0
2022-09-14,SKIP_SEASONAL,NONE,none,0.0,0.0,0.0,0.0
2022-09-15,SKIP_SEASONAL,NONE,none,0.0,0.0,0.0,0.0
2022-09-16,SKIP_SEASONAL,NONE,none,0.0,0.0,0.0,0.0
2022-09-19,SKIP_SEASONAL,NONE,none,0.0,0.0,0.0,0.0
2022-09-20,SKIP_SEASONAL,NONE,none,0.0,0.0,0.0,0.0
2022-09-21,SKIP_SEASONAL,NONE,none,0.0,0.0,0.0,0.0
2022-09-22,SKIP_SEASONAL,NONE,none,0.0,0.0,0.0,0.0
2022-09-23,SKIP_SEASONAL,NONE,none,0.0,0.0,0.0,0.0
2022-09-26,SKIP_SEASONAL,NONE,none,0.0,0.0,0.0,0.0
2022-09-27,SKIP_SEASONAL,NONE,none,0.0,0.0,0.0,0.0
2022-09-28,SKIP_SEASONAL,NONE,none,0.0,0.0,0.0,0.0
2022-09-29,SKIP_SEASONAL,NONE,none,0.0,0.0,0.0,0.0
2022-09-30,SKIP_SEASONAL,NONE,none,0.0,0.0,0.0,0.0
2022-10-03,TRADE,XAGUSD,short,5.79,5.79,-0.3704,-0.3704
2022-10-04,TRADE,XAGUSD,short,3.2,3.2,4.0167,4.0167
2022-10-05,TRADE,XAGGBP,short,4.0,0.68,1.2418,4.5071
2022-10-06,TRADE,XAGUSD,short,2.51,2.51,5.6713,5.6713
2022-10-07,TRADE,XAGUSD,short,6.77,6.77,6.5075,6.5075
2022-10-10,TRADE,XAGUSD,short,7.63,7.63,3.5692,3.5692
2022-10-11,TRADE,XAGUSD,short,9.59,9.59,7.2682,7.2682
2022-10-12,TRADE,XAGUSD,short,10.2,10.2,1.0806,1.0806
2022-10-13,TRADE,XAGUSD,short,11.59,11.59,1.5219,1.5219
2022-10-14,TRADE,XAGUSD,short,11.46,11.46,-1.7819,-1.7819
2022-10-17,TRADE,XAGUSD,short,12.42,12.42,0.0428,0.0428
2022-10-18,TRADE,XAGUSD,short,10.29,10.29,-2.5416,-2.5416
2022-10-19,TRADE,XAGUSD,short,9.39,9.39,-4.5702,-4.5702
2022-10-20,TRADE,XAGUSD,short,10.78,10.78,-3.6055,-3.6055
2022-10-21,TRADE,XAGUSD,short,11.36,11.36,-2.2948,-2.2948
2022-10-24,TRADE,XAGUSD,short,7.32,7.32,-1.5855,-1.5855
2022-10-25,TRADE,XAGUSD,short,7.84,7.84,0.9928,0.9928
2022-10-26,TRADE,XAGGBP,short,7.91,4.8,2.9545,1.8224
2022-10-27,TRADE,XAGGBP,short,11.6,2.13,-2.4987,-1.0011
2022-10-28,TRADE,XAGUSD,short,5.8,5.8,-2.3659,-2.3659
2022-10-31,TRADE,XAGGBP,short,8.13,4.93,-3.5152,-1.6261
2022-11-01,TRADE,XAGUSD,short,2.93,2.93,-5.6778,-5.6778
2022-11-02,TRADE,XAGUSD,short,4.88,4.88,-6.6225,-6.6225
2022-11-03,TRADE,XAGUSD,short,6.65,6.65,-10.5011,-10.5011
2022-11-04,TRADE,XAGUSD,short,7.04,7.04,-2.4435,-2.4435
2022-11-07,TRADE,XAGUSD,short,2.76,2.76,-3.7276,-3.7276
2022-11-08,TRADE,XAGJPY,long,11.02,5.56,-2.5744,0.7869
2022-11-09,TRADE,XAGJPY,long,9.27,6.68,-0.3713,3.728
2022-11-10,TRADE,XAGJPY,long,9.99,5.64,-4.9549,-0.8211
2022-11-11,TRADE,XAGUSD,long,11.0,11.0,-0.656,-0.656
2022-11-14,TRADE,XAGUSD,long,12.62,12.62,-5.1467,-5.1467
2022-11-15,TRADE,XAGUSD,long,11.01,11.01,-2.4327,-2.4327
2022-11-16,TRADE,XAGUSD,long,11.67,11.67,-3.0459,-3.0459
2022-11-17,TRADE,XAGCHF,short,10.5,-6.86,-1.8704,-0.377
2022-11-18,TRADE,XAGEUR,short,8.81,-3.41,-2.3164,-1.8164
2022-11-21,TRADE,XAGNZD,short,7.59,-0.76,-1.2542,-2.7627
2022-11-22,TRADE,XAGUSD,long,4.43,4.43,-0.5895,-0.5895
2022-11-23,TRADE,XAGUSD,long,5.8,5.8,-0.7164,-0.7164
2022-11-25,TRADE,XAGUSD,long,7.86,7.86,0.5834,0.5834
2022-11-28,TRADE,XAGCHF,short,11.04,-0.14,-7.8593,-8.2592
2022-11-29,TRADE,XAGUSD,long,5.1,5.1,8.6493,8.6493
2022-11-30,TRADE,XAGCAD,long,8.81,5.52,1.9529,3.0116
2022-12-01,TRADE,XAGUSD,long,11.22,11.22,-2.2706,-2.2706
2022-12-02,TRADE,XAGUSD,long,13.13,13.13,-1.4237,-1.4237
2022-12-05,TRADE,XAGUSD,long,10.69,10.69,3.8921,3.8921
2022-12-06,TRADE,XAGUSD,long,10.37,10.37,6.3825,6.3825
2022-12-07,TRADE,XAGUSD,long,10.35,10.35,2.2457,2.2457
2022-12-08,TRADE,XAGUSD,long,10.24,10.24,3.1999,3.1999
2022-12-09,TRADE,XAGCAD,long,11.46,8.95,1.4298,1.7463
2022-12-12,TRADE,XAGCAD,long,12.59,7.71,-1.1628,-0.3962
2022-12-13,TRADE,XAGCAD,long,10.86,8.81,-2.5319,-2.731
2022-12-14,TRADE,XAGUSD,long,12.69,12.69,-3.8294,-3.8294
2022-12-15,TRADE,XAGUSD,long,13.37,13.37,4.1768,4.1768
2022-12-16,TRADE,XAGUSD,long,9.58,9.58,3.8184,3.8184
2022-12-19,TRADE,XAGUSD,long,11.12,11.12,1.941,1.941
2022-12-20,TRADE,XAGUSD,long,12.36,12.36,-1.3696,-1.3696
2022-12-21,TRADE,XAGUSD,long,12.32,12.32,0.0208,0.0208
2022-12-22,TRADE,XAGUSD,long,7.37,7.37,0.7966,0.7966
2022-12-23,TRADE,XAGUSD,long,9.63,9.63,1.3213,1.3213
2022-12-27,TRADE,XAGUSD,long,12.01,12.01,-0.7404,-0.7404
2022-12-28,TRADE,XAGUSD,long,8.76,8.76,1.6735,1.6735
2022-12-29,TRADE,XAGUSD,long,9.44,9.44,-1.1878,-1.1878
2022-12-30,TRADE,XAGUSD,long,9.64,9.64,-2.5312,-2.5312
2023-01-03,TRADE,XAGUSD,long,12.69,12.69,-0.9851,-0.9851
2023-01-04,TRADE,XAGUSD,long,9.1,9.1,-0.3362,-0.3362
2023-01-05,TRADE,XAGUSD,long,6.14,6.14,1.0706,1.0706
2023-01-06,TRADE,XAGUSD,long,7.63,7.63,-2.0779,-2.0779
2023-01-09,TRADE,XAGUSD,long,11.27,11.27,0.6368,0.6368
2023-01-10,TRADE,XAGUSD,long,9.0,9.0,3.0799,3.0799
2023-01-11,TRADE,XAGUSD,long,7.06,7.06,2.645,2.645
2023-01-12,TRADE,XAGUSD,long,9.46,9.46,-1.3955,-1.3955
2023-01-13,TRADE,XAGUSD,long,14.61,14.61,-1.9686,-1.9686
2023-01-17,TRADE,XAGUSD,long,10.52,10.52,-0.4761,-0.4761
2023-01-18,TRADE,XAGUSD,long,7.52,7.52,-0.3315,-0.3315
2023-01-19,TRADE,XAGUSD,long,9.14,9.14,-0.442,-0.442
2023-01-20,TRADE,XAGUSD,long,10.75,10.75,0.0378,0.0378
2023-01-23,TRADE,XAGUSD,long,7.36,7.36,2.0382,2.0382
2023-01-24,TRADE,XAGUSD,long,9.29,9.29,-0.5159,-0.5159
2023-01-25,TRADE,XAGUSD,long,11.15,11.15,-0.8138,-0.8138
2023-01-26,TRADE,XAGUSD,long,14.29,14.29,-0.7606,-0.7606
2023-01-27,TRADE,XAGUSD,long,8.3,8.3,-0.0255,-0.0255
2023-01-30,TRADE,XAGUSD,long,6.78,6.78,-0.4694,-0.4694
2023-01-31,TRADE,XAGUSD,long,7.82,7.82,-5.9542,-5.9542
2023-02-01,TRADE,XAGUSD,long,6.45,6.45,-5.714,-5.714
2023-02-02,TRADE,XAGUSD,long,7.98,7.98,-6.0211,-6.0211
2023-02-03,TRADE,XAGUSD,long,5.18,5.18,0.1478,0.1478
2023-02-06,TRADE,XAGGBP,long,3.38,0.51,-0.578,-0.3607
2023-02-07,TRADE,XAGGBP,long,3.49,0.14,-1.1157,-0.3753
2023-02-08,TRADE,XAGGBP,long,2.97,0.87,-2.4357,-2.4545
2023-02-09,TRADE,XAGNZD,long,3.53,-0.38,-1.8812,-1.154
2023-02-10,TRADE,XAGCAD,long,2.7,0.26,-3.0008,-2.2148
2023-02-13,TRADE,XAGCHF,short,6.7,4.51,0.6604,0.6142
2023-02-14,TRADE,XAGAUD,short,8.42,2.93,-0.8798,0.6776
2023-02-15,TRADE,XAGAUD,short,7.35,4.12,-2.6535,-1.4991
2023-02-16,TRADE,XAGUSD,short,5.77,5.77,0.1061,0.1061
2023-02-17,TRADE,XAGUSD,short,6.79,6.79,1.8208,1.8208
2023-02-21,TRADE,XAGUSD,short,6.24,6.24,4.8608,4.8608
2023-02-22,TRADE,XAGUSD,short,6.85,6.85,4.575,4.575
2023-02-23,TRADE,XAGUSD,short,7.5,7.5,1.5869,1.5869
2023-02-24,TRADE,XAGUSD,short,7.44,7.44,-0.7354,-0.7354
2023-02-27,TRADE,XAGUSD,short,9.11,9.11,-0.4644,-0.4644
2023-02-28,TRADE,XAGUSD,short,7.99,7.99,-0.6297,-0.6297
2023-03-01,TRADE,XAGUSD,short,9.08,9.08,-0.1193,-0.1193
2023-03-02,TRADE,XAGUSD,short,8.64,8.64,3.4287,3.4287
2023-03-03,TRADE,XAGUSD,short,9.14,9.14,5.1581,5.1581
2023-03-06,TRADE,XAGUSD,short,6.74,6.74,4.5701,4.5701
2023-03-07,TRADE,XAGUSD,short,6.67,6.67,-1.6007,-1.6007
2023-03-08,TRADE,XAGUSD,short,9.9,9.9,-8.9378,-8.9378
2023-03-09,TRADE,XAGUSD,short,10.3,10.3,-9.5081,-9.5081
2023-03-10,TRADE,XAGUSD,short,8.9,8.9,-6.8663,-6.8663
2023-03-13,TRADE,XAGAUD,long,9.53,1.93,-0.7026,-0.9407
2023-03-14,TRADE,XAGAUD,long,9.06,2.86,1.8601,1.9244
2023-03-15,TRADE,XAGUSD,long,6.0,6.0,3.4858,3.4858
2023-03-16,TRADE,XAGJPY,short,5.4,2.05,-2.2136,-3.4093
2023-03-17,TRADE,XAGUSD,long,5.68,5.68,1.4496,1.4496
2023-03-20,TRADE,XAGUSD,long,5.76,5.76,2.7116,2.7116
2023-03-21,TRADE,XAGUSD,long,5.3,5.3,4.1346,4.1346
2023-03-22,TRADE,XAGAUD,long,8.09,5.23,2.0166,1.6715
2023-03-23,TRADE,XAGUSD,long,8.21,8.21,0.7777,0.7777
2023-03-24,TRADE,XAGUSD,long,7.73,7.73,0.5549,0.5549
2023-03-27,TRADE,XAGUSD,long,8.73,8.73,3.6783,3.6783
2023-03-28,TRADE,XAGUSD,long,8.86,8.86,3.2242,3.2242
2023-03-29,TRADE,XAGUSD,long,10.19,10.19,2.417,2.417
2023-03-30,TRADE,XAGUSD,long,8.65,8.65,4.6858,4.6858
2023-03-31,TRADE,XAGUSD,long,10.06,10.06,3.6842,3.6842
2023-04-03,TRADE,XAGUSD,long,8.55,8.55,4.5278,4.5278
2023-04-04,TRADE,XAGUSD,long,10.19,10.19,-0.7034,-0.7034
2023-04-05,TRADE,XAGUSD,long,11.41,11.41,0.673,0.673
2023-04-06,TRADE,XAGUSD,long,11.31,11.31,1.5145,1.5145
2023-04-10,TRADE,XAGUSD,long,9.54,9.54,4.1375,4.1375
2023-04-11,TRADE,XAGAUD,long,11.99,7.26,-0.8577,1.1659
2023-04-12,TRADE,XAGAUD,long,11.77,7.22,-2.1347,-1.3817
2023-04-13,TRADE,XAGJPY,long,11.13,8.9,-1.4369,-2.4194
2023-04-14,TRADE,XAGUSD,long,10.59,10.59,-0.2281,-0.2281
2023-04-17,TRADE,XAGJPY,long,11.61,8.32,1.8114,1.2573
2023-04-18,TRADE,XAGJPY,long,11.27,8.09,-1.089,-0.7723
2023-04-19,TRADE,XAGUSD,long,8.74,8.74,-0.2365,-0.2365
2023-04-20,TRADE,XAGJPY,long,12.52,6.95,-2.3869,-1.9355
2023-04-21,TRADE,XAGNZD,long,12.54,5.83,-0.2118,-0.7265
2023-04-24,TRADE,XAGNZD,long,11.74,7.56,-0.9131,-1.2764
2023-04-25,TRADE,XAGUSD,long,4.53,4.53,0.4904,0.4904
2023-04-26,TRADE,XAGNZD,long,9.92,2.87,0.1524,0.5549
2023-04-27,TRADE,XAGNZD,long,10.06,3.15,0.9607,1.6851
2023-04-28,TRADE,XAGNZD,long,10.76,3.01,0.5952,1.9081
2023-05-01,TRADE,XAGJPY,long,12.5,3.81,2.6965,4.1025
2023-05-02,TRADE,XAGJPY,long,14.41,3.51,-1.1282,1.3344
2023-05-03,TRADE,XAGJPY,long,11.99,4.43,-0.3062,0.628
2023-05-04,TRADE,XAGJPY,long,11.42,8.35,-0.9063,-1.2944
2023-05-05,TRADE,XAGUSD,long,9.23,9.23,-1.0954,-1.0954
2023-05-08,TRADE,XAGUSD,long,9.77,9.77,-5.387,-5.387
2023-05-09,TRADE,XAGUSD,long,10.42,10.42,-6.6386,-6.6386
2023-05-10,TRADE,XAGUSD,long,7.8,7.8,-5.2394,-5.2394
2023-05-11,TRADE,XAGUSD,long,2.92,2.92,-2.1356,-2.1356
2023-05-12,TRADE,XAGAUD,long,2.63,0.6,-0.3742,-1.0003
2023-05-15,TRADE,XAGAUD,long,5.31,-0.52,-2.747,-2.6195
2023-05-16,TRADE,XAGJPY,long,3.95,0.34,2.6783,0.771
2023-05-17,TRADE,XAGAUD,long,4.5,-0.11,-0.2039,-0.1558
2023-05-18,TRADE,XAGJPY,long,6.72,-0.38,0.6787,-0.0894
2023-05-19,TRADE,XAGJPY,long,8.32,-0.69,-3.3807,-3.3654
2023-05-22,TRADE,XAGJPY,long,4.43,1.52,-2.8071,-3.9174
2023-05-23,TRADE,XAGJPY,long,5.68,0.38,-0.0366,-0.9969
2023-05-24,TRADE,XAGJPY,long,5.44,0.48,1.3736,0.0433
2023-05-25,TRADE,XAGUSD,short,7.07,7.07,-3.0194,-3.0194
2023-05-26,TRADE,XAGNZD,long,6.91,-1.42,3.2147,2.7324
2023-05-30,TRADE,XAGNZD,long,7.01,-1.48,1.8809,2.24
2023-05-31,TRADE,XAGNZD,long,11.41,-0.62,0.0671,0.2556
2023-06-01,TRADE,XAGNZD,long,11.69,1.78,-2.0008,-1.2607
2023-06-02,TRADE,XAGNZD,long,10.17,3.25,-1.0685,-0.8628
2023-06-05,TRADE,XAGNZD,long,7.96,1.01,3.373,3.1019
2023-06-06,TRADE,XAGNZD,long,11.04,1.04,2.821,3.2239
2023-06-07,TRADE,XAGNZD,long,6.92,1.28,1.458,2.3295
2023-06-08,TRADE,XAGJPY,long,13.25,5.18,-2.4009,-2.0936
2023-06-09,TRADE,XAGJPY,long,11.68,6.39,-0.2568,-1.1917
2023-06-12,TRADE,XAGJPY,long,11.11,5.04,0.0412,-0.3919
2023-06-13,TRADE,XAGJPY,long,12.02,4.15,1.9342,1.347
2023-06-14,TRADE,XAGJPY,long,12.48,6.77,-2.3544,-3.5393
2023-06-15,TRADE,XAGJPY,long,10.77,6.57,-3.7506,-4.6754
2023-06-16,TRADE,XAGJPY,long,12.6,8.6,-5.8684,-6.8118
2023-06-20,TRADE,XAGJPY,long,8.4,3.82,-2.9623,-3.7296
2023-06-21,TRADE,XAGGBP,short,9.35,3.9,-0.4173,-0.1361
2023-06-22,TRADE,XAGCAD,short,9.31,3.05,-2.1565,-2.2419
2023-06-23,TRADE,XAGCAD,short,8.87,4.4,-2.8221,-2.4185
2023-06-26,TRADE,XAGGBP,short,8.52,4.91,0.2562,0.9384
2023-06-27,TRADE,XAGJPY,long,9.76,1.95,0.3526,-0.5624
2023-06-28,TRADE,XAGGBP,short,8.24,4.95,-0.5282,-0.1224
2023-06-29,TRADE,XAGUSD,short,6.57,6.57,-2.6825,-2.6825
2023-06-30,TRADE,XAGUSD,short,6.77,6.77,0.5436,0.5436
2023-07-03,SKIP_SEASONAL,NONE,none,0.0,0.0,0.0,0.0
2023-07-05,SKIP_SEASONAL,NONE,none,0.0,0.0,0.0,0.0
2023-07-06,SKIP_SEASONAL,NONE,none,0.0,0.0,0.0,0.0
2023-07-07,SKIP_SEASONAL,NONE,none,0.0,0.0,0.0,0.0
2023-07-10,SKIP_SEASONAL,NONE,none,0.0,0.0,0.0,0.0
2023-07-11,SKIP_SEASONAL,NONE,none,0.0,0.0,0.0,0.0
2023-07-12,SKIP_SEASONAL,NONE,none,0.0,0.0,0.0,0.0
2023-07-13,SKIP_SEASONAL,NONE,none,0.0,0.0,0.0,0.0
2023-07-14,SKIP_SEASONAL,NONE,none,0.0,0.0,0.0,0.0
2023-07-17,SKIP_SEASONAL,NONE,none,0.0,0.0,0.0,0.0
2023-07-18,SKIP_SEASONAL,NONE,none,0.0,0.0,0.0,0.0
2023-07-19,SKIP_SEASONAL,NONE,none,0.0,0.0,0.0,0.0
2023-07-20,SKIP_SEASONAL,NONE,none,0.0,0.0,0.0,0.0
2023-07-21,SKIP_SEASONAL,NONE,none,0.0,0.0,0.0,0.0
2023-07-24,SKIP_SEASONAL,NONE,none,0.0,0.0,0.0,0.0
2023-07-25,SKIP_SEASONAL,NONE,none,0.0,0.0,0.0,0.0
2023-07-26,SKIP_SEASONAL,NONE,none,0.0,0.0,0.0,0.0
2023-07-27,SKIP_SEASONAL,NONE,none,0.0,0.0,0.0,0.0
2023-07-28,SKIP_SEASONAL,NONE,none,0.0,0.0,0.0,0.0
2023-07-31,SKIP_SEASONAL,NONE,none,0.0,0.0,0.0,0.0
2023-08-01,TRADE,XAGJPY,long,7.77,2.29,-2.2528,-2.4413
2023-08-02,TRADE,XAGAUD,long,6.06,-0.23,-1.9259,-2.5764
2023-08-03,TRADE,XAGAUD,long,7.59,-1.56,-4.0887,-3.6844
2023-08-04,TRADE,XAGJPY,long,6.53,-0.52,-3.6372,-4.0945
2023-08-07,TRADE,XAGUSD,short,5.98,5.98,1.7112,1.7112
2023-08-08,TRADE,XAGCHF,short,9.74,6.3,-0.2785,0.1893
2023-08-09,TRADE,XAGUSD,short,6.86,6.86,0.0265,0.0265
2023-08-10,TRADE,XAGUSD,short,6.87,6.87,0.6639,0.6639
2023-08-11,TRADE,XAGUSD,short,8.06,8.06,0.8556,0.8556
2023-08-14,TRADE,XAGUSD,short,8.45,8.45,-0.1148,-0.1148
2023-08-15,TRADE,XAGUSD,short,8.71,8.71,-0.4426,-0.4426
2023-08-16,TRADE,XAGUSD,short,8.41,8.41,-3.6655,-3.6655
2023-08-17,TRADE,XAGUSD,short,8.48,8.48,-3.3083,-3.3083
2023-08-18,TRADE,XAGUSD,short,7.54,7.54,-7.3496,-7.3496
2023-08-21,TRADE,XAGAUD,long,8.71,-0.14,2.8357,3.892
2023-08-22,TRADE,XAGAUD,long,12.69,2.11,3.4179,3.4159
2023-08-23,TRADE,XAGAUD,long,12.19,3.94,-0.3381,-0.5131
2023-08-24,TRADE,XAGJPY,long,10.3,4.98,3.6047,2.3378
2023-08-25,TRADE,XAGJPY,long,13.46,3.21,2.067,2.1222
2023-08-28,TRADE,XAGJPY,long,13.11,3.4,0.6678,0.9654
2023-08-29,TRADE,XAGNZD,long,12.33,5.47,-3.3366,-2.1996
2023-08-30,TRADE,XAGJPY,long,11.27,6.76,-4.3925,-4.7546
2023-08-31,TRADE,XAGJPY,long,11.91,7.15,-4.2828,-5.1733
2023-09-01,SKIP_SEASONAL,NONE,none,0.0,0.0,0.0,0.0
2023-09-05,SKIP_SEASONAL,NONE,none,0.0,0.0,0.0,0.0
2023-09-06,SKIP_SEASONAL,NONE,none,0.0,0.0,0.0,0.0
2023-09-07,SKIP_SEASONAL,NONE,none,0.0,0.0,0.0,0.0
2023-09-08,SKIP_SEASONAL,NONE,none,0.0,0.0,0.0,0.0
2023-09-11,SKIP_SEASONAL,NONE,none,0.0,0.0,0.0,0.0
2023-09-12,SKIP_SEASONAL,NONE,none,0.0,0.0,0.0,0.0
2023-09-13,SKIP_SEASONAL,NONE,none,0.0,0.0,0.0,0.0
2023-09-14,SKIP_SEASONAL,NONE,none,0.0,0.0,0.0,0.0
2023-09-15,SKIP_SEASONAL,NONE,none,0.0,0.0,0.0,0.0
2023-09-18,SKIP_SEASONAL,NONE,none,0.0,0.0,0.0,0.0
2023-09-19,SKIP_SEASONAL,NONE,none,0.0,0.0,0.0,0.0
2023-09-20,SKIP_SEASONAL,NONE,none,0.0,0.0,0.0,0.0
2023-09-21,SKIP_SEASONAL,NONE,none,0.0,0.0,0.0,0.0
2023-09-22,SKIP_SEASONAL,NONE,none,0.0,0.0,0.0,0.0
2023-09-25,SKIP_SEASONAL,NONE,none,0.0,0.0,0.0,0.0
2023-09-26,SKIP_SEASONAL,NONE,none,0.0,0.0,0.0,0.0
2023-09-27,SKIP_SEASONAL,NONE,none,0.0,0.0,0.0,0.0
2023-09-28,SKIP_SEASONAL,NONE,none,0.0,0.0,0.0,0.0
2023-09-29,SKIP_SEASONAL,NONE,none,0.0,0.0,0.0,0.0
2023-10-02,TRADE,XAGUSD,short,8.79,8.79,1.7438,1.7438
2023-10-03,TRADE,XAGUSD,short,10.07,10.07,-1.7093,-1.7093
2023-10-04,TRADE,XAGUSD,short,11.92,11.92,-3.7459,-3.7459
2023-10-05,TRADE,XAGUSD,short,11.44,11.44,-4.4513,-4.4513
2023-10-06,TRADE,XAGUSD,short,11.36,11.36,-1.9359,-1.9359
2023-10-09,TRADE,XAGUSD,short,11.04,11.04,-0.2346,-0.2346
2023-10-10,TRADE,XAGUSD,short,9.41,9.41,-4.3672,-4.3672
2023-10-11,TRADE,XAGUSD,short,8.91,8.91,-2.974,-2.974
2023-10-12,TRADE,XAGUSD,short,9.01,9.01,-4.9147,-4.9147
2023-10-13,TRADE,XAGUSD,short,5.18,5.18,-0.9548,-0.9548
2023-10-16,TRADE,XAGUSD,short,4.99,4.99,-1.2251,-1.2251
2023-10-17,TRADE,XAGUSD,short,5.14,5.14,-2.1344,-2.1344
2023-10-18,TRADE,XAGUSD,short,5.54,5.54,-0.5579,-0.5579
2023-10-19,TRADE,XAGUSD,short,5.91,5.91,-0.4063,-0.4063
2023-10-20,TRADE,XAGNZD,long,10.45,2.55,-2.0969,-2.0299
2023-10-23,TRADE,XAGNZD,long,10.74,2.6,-0.6025,-1.2353
2023-10-24,TRADE,XAGUSD,short,2.78,2.78,0.9138,0.9138
2023-10-25,TRADE,XAGUSD,short,2.84,2.84,-1.7703,-1.7703
2023-10-26,TRADE,XAGUSD,short,3.12,3.12,-0.237,-0.237
2023-10-27,TRADE,XAGUSD,short,3.36,3.36,0.3733,0.3733
2023-10-30,TRADE,XAGNZD,long,12.15,2.36,-3.467,-2.2807
2023-10-31,TRADE,XAGUSD,short,3.82,3.82,-1.5761,-1.5761
2023-11-01,TRADE,XAGUSD,short,6.42,6.42,-2.0454,-2.0454
2023-11-02,TRADE,XAGAUD,short,6.18,3.83,2.0868,1.0681
2023-11-03,TRADE,XAGJPY,long,8.47,2.27,-2.4533,-2.3878
2023-11-06,TRADE,XAGJPY,long,6.21,3.58,-0.4399,-1.3737
2023-11-07,TRADE,XAGUSD,short,7.6,7.6,1.3018,1.3018
2023-11-08,TRADE,XAGEUR,short,6.86,4.85,1.4819,1.5366
2023-11-09,TRADE,XAGEUR,short,9.05,4.61,-1.1675,-1.0862
2023-11-10,TRADE,XAGUSD,short,9.06,9.06,-5.7169,-5.7169
2023-11-13,TRADE,XAGUSD,short,10.02,10.02,-7.1438,-7.1438
2023-11-14,TRADE,XAGJPY,long,11.41,0.27,2.5229,3.163
2023-11-15,TRADE,XAGJPY,long,9.65,6.61,0.038,0.4003
2023-11-16,TRADE,XAGJPY,long,10.63,6.69,-2.0879,-0.2051
2023-11-17,TRADE,XAGJPY,long,9.21,6.77,-2.2597,-0.5754
2023-11-20,TRADE,XAGUSD,long,8.61,8.61,3.1808,3.1808
2023-11-21,TRADE,XAGUSD,long,9.28,9.28,3.4769,3.4769
2023-11-22,TRADE,XAGUSD,long,7.96,7.96,5.3143,5.3143
2023-11-24,TRADE,XAGUSD,long,8.12,8.12,3.054,3.054
2023-11-27,TRADE,XAGUSD,long,10.66,10.66,2.517,2.517
2023-11-28,TRADE,XAGUSD,long,10.65,10.65,2.2824,2.2824
2023-11-29,TRADE,XAGUSD,long,12.36,12.36,-2.0621,-2.0621
2023-11-30,TRADE,XAGUSD,long,12.21,12.21,-4.3174,-4.3174
2023-12-01,TRADE,XAGUSD,long,11.41,11.41,-6.314,-6.314
2023-12-04,TRADE,XAGUSD,long,11.75,11.75,-3.3517,-3.3517
2023-12-05,TRADE,XAGUSD,long,10.17,10.17,-5.0824,-5.0824
2023-12-06,TRADE,XAGEUR,long,7.23,4.09,-4.4247,-4.6716
2023-12-07,TRADE,XAGUSD,long,4.17,4.17,-4.2306,-4.2306
2023-12-08,TRADE,XAGJPY,short,11.19,2.25,0.7608,1.4453
2023-12-11,TRADE,XAGJPY,short,9.31,3.63,-4.1966,-5.8095
2023-12-12,TRADE,XAGJPY,short,8.46,3.33,-2.2884,-5.0246
2023-12-13,TRADE,XAGJPY,short,9.04,3.45,-3.1155,-5.2652
2023-12-14,TRADE,XAGUSD,long,7.61,7.61,-0.2324,-0.2324
2023-12-15,TRADE,XAGUSD,long,8.69,8.69,1.9983,1.9983
2023-12-18,TRADE,XAGUSD,long,7.18,7.18,1.9974,1.9974
2023-12-19,TRADE,XAGUSD,long,8.15,8.15,1.0399,1.0399
2023-12-20,TRADE,XAGUSD,long,11.02,11.02,-0.8338,-0.8338
2023-12-21,TRADE,XAGUSD,long,8.93,8.93,0.2798,0.2798
2023-12-22,TRADE,XAGUSD,long,10.28,10.28,-0.6422,-0.6422
2023-12-26,TRADE,XAGUSD,long,10.65,10.65,-1.2053,-1.2053
2023-12-27,TRADE,XAGUSD,long,12.35,12.35,-2.6338,-2.6338
2023-12-28,TRADE,XAGUSD,long,13.7,13.7,-4.9225,-4.9225
2023-12-29,TRADE,XAGUSD,long,8.46,8.46,-3.6222,-3.6222
2024-01-02,TRADE,XAGUSD,long,7.87,7.87,-2.5745,-2.5745
2024-01-03,TRADE,XAGCHF,short,12.51,0.78,-0.8306,-0.7583
2024-01-04,TRADE,XAGCHF,short,9.3,1.52,0.4871,0.3697
2024-01-05,TRADE,XAGCHF,short,11.5,3.67,0.7534,1.0293
2024-01-08,TRADE,XAGCHF,short,11.08,3.36,2.548,2.5216
2024-01-09,TRADE,XAGCHF,short,11.68,2.95,-1.4974,-1.1264
2024-01-10,TRADE,XAGCHF,short,11.42,2.87,-0.6385,-0.2141
2024-01-11,TRADE,XAGCHF,short,11.36,3.13,-1.1755,0.0932
2024-01-12,TRADE,XAGCHF,short,10.83,3.05,0.6063,2.1371
2024-01-16,TRADE,XAGGBP,short,9.6,4.39,1.5297,1.5785
2024-01-17,TRADE,XAGGBP,short,8.54,5.69,2.043,1.5678
2024-01-18,TRADE,XAGGBP,short,9.53,6.82,1.7027,1.4691
2024-01-19,TRADE,XAGGBP,short,9.47,7.28,-0.9574,-0.8152
2024-01-22,TRADE,XAGGBP,short,9.76,6.92,-2.7573,-2.9103
2024-01-23,TRADE,XAGGBP,short,9.72,7.19,-1.8746,-1.885
2024-01-24,TRADE,XAGGBP,short,9.03,3.25,-1.638,-1.6832
2024-01-25,TRADE,XAGGBP,short,6.71,3.29,-1.3548,-1.3109
2024-01-26,TRADE,XAGGBP,short,7.56,4.4,-1.4025,-1.3008
2024-01-29,TRADE,XAGUSD,short,4.01,4.01,0.0346,0.0346
2024-01-30,TRADE,XAGUSD,short,1.94,1.94,1.757,1.757
2024-01-31,TRADE,XAGCHF,short,3.76,1.44,2.5305,3.1062
2024-02-01,TRADE,XAGUSD,short,1.85,1.85,3.1863,3.1863
2024-02-02,TRADE,XAGCAD,short,8.81,4.53,1.0839,1.8634
2024-02-05,TRADE,XAGUSD,short,6.67,6.67,-1.0298,-1.0298
2024-02-06,TRADE,XAGUSD,short,5.91,5.91,-0.6029,-0.6029
2024-02-07,TRADE,XAGUSD,short,9.31,9.31,-1.9346,-1.9346
2024-02-08,TRADE,XAGUSD,short,7.14,7.14,2.0784,2.0784
2024-02-09,TRADE,XAGUSD,short,7.89,7.89,0.8745,0.8745
2024-02-12,TRADE,XAGUSD,short,6.48,6.48,-0.8939,-0.8939
2024-02-13,TRADE,XAGUSD,short,8.35,8.35,-6.078,-6.078
2024-02-14,TRADE,XAGUSD,short,10.22,10.22,-3.4705,-3.4705
2024-02-15,TRADE,XAGUSD,short,4.39,4.39,0.2662,0.2662
2024-02-16,TRADE,XAGJPY,long,7.28,2.52,-2.6106,-2.8755
2024-02-20,TRADE,XAGUSD,short,2.83,2.83,0.5929,0.5929
2024-02-21,TRADE,XAGNZD,short,6.6,1.75,1.7595,1.4616
2024-02-22,TRADE,XAGNZD,short,8.34,3.92,0.8509,1.063
2024-02-23,TRADE,XAGNZD,short,6.47,2.04,2.0384,2.4337
2024-02-26,TRADE,XAGNZD,short,7.57,5.48,-2.1442,-0.6617
2024-02-27,TRADE,XAGUSD,short,5.37,5.37,-2.7838,-2.7838
2024-02-28,TRADE,XAGUSD,short,4.42,4.42,-6.1089,-6.1089
2024-02-29,TRADE,XAGUSD,short,5.09,5.09,-4.8398,-4.8398
2024-03-01,TRADE,XAGJPY,long,9.85,2.08,4.8145,4.8467
2024-03-04,TRADE,XAGJPY,long,9.8,3.36,1.9146,2.4854
2024-03-05,TRADE,XAGJPY,long,9.87,4.48,0.6554,2.4239
2024-03-06,TRADE,XAGJPY,long,9.92,4.18,-1.2154,0.9888
2024-03-07,TRADE,XAGJPY,long,9.38,6.19,-2.4095,-0.7222
2024-03-08,TRADE,XAGUSD,long,7.52,7.52,2.5473,2.5473
2024-03-11,TRADE,XAGUSD,long,9.49,9.49,1.4768,1.4768
2024-03-12,TRADE,XAGUSD,long,9.5,9.5,4.1581,4.1581
2024-03-13,TRADE,XAGUSD,long,9.4,9.4,0.5289,0.5289
2024-03-14,TRADE,XAGUSD,long,9.11,9.11,0.3618,0.3618
2024-03-15,TRADE,XAGNZD,long,9.82,6.73,0.1803,-1.0595
2024-03-18,TRADE,XAGNZD,long,11.45,6.11,-1.0073,-0.9645
2024-03-19,TRADE,XAGNZD,long,11.43,6.06,-0.4958,-1.0896
2024-03-20,TRADE,XAGJPY,long,13.16,5.23,-0.5766,-0.754
2024-03-21,TRADE,XAGJPY,long,12.94,6.05,-1.0723,-1.4729
2024-03-22,TRADE,XAGJPY,long,13.59,5.21,-0.3391,-0.2713
2024-03-25,TRADE,XAGNZD,long,13.58,4.53,0.1717,0.2101
2024-03-26,TRADE,XAGCHF,long,13.42,2.99,2.2105,1.9238
2024-03-27,TRADE,XAGCHF,long,13.92,1.56,4.9525,4.7878
2024-03-28,TRADE,XAGCHF,long,14.75,2.97,8.9407,8.6623
2024-04-01,TRADE,XAGCHF,long,12.17,4.43,8.8674,8.7601
2024-04-02,TRADE,XAGCHF,long,12.67,5.31,5.7674,6.1851
2024-04-03,TRADE,XAGCHF,long,12.71,5.78,2.3197,2.8465
2024-04-04,TRADE,XAGCHF,long,11.59,6.64,3.0084,2.7671
2024-04-05,TRADE,XAGCHF,long,12.09,6.31,2.2138,2.0474
2024-04-08,TRADE,XAGCHF,long,12.22,5.76,2.7855,1.6744
2024-04-09,TRADE,XAGCHF,long,12.18,6.86,1.8446,1.3051
2024-04-10,TRADE,XAGCHF,long,11.15,7.49,3.6921,2.4677
2024-04-11,TRADE,XAGCHF,long,13.75,4.6,0.3455,0.504
2024-04-12,TRADE,XAGJPY,long,12.6,5.18,1.3083,0.3221
2024-04-15,TRADE,XAGCHF,long,13.31,4.27,-1.4885,-1.1239
2024-04-16,TRADE,XAGJPY,long,13.23,3.6,1.9969,1.7303
2024-04-17,TRADE,XAGNZD,long,13.84,3.22,-4.1305,-3.997
2024-04-18,TRADE,XAGJPY,long,12.16,4.6,-3.2285,-3.5229
2024-04-19,TRADE,XAGNZD,long,12.39,4.59,-5.685,-5.1514
2024-04-22,TRADE,XAGJPY,long,10.96,3.48,0.8762,0.474
2024-04-23,TRADE,XAGGBP,long,10.29,1.73,-1.5947,-0.3293
2024-04-24,TRADE,XAGJPY,long,9.3,2.72,2.4322,0.1793
2024-04-25,TRADE,XAGJPY,long,10.42,2.3,-2.8223,-3.4782
2024-04-26,TRADE,XAGJPY,long,8.78,2.76,-1.4325,-2.7605
2024-04-29,TRADE,XAGJPY,long,13.64,2.6,-4.4328,-2.8861
2024-04-30,TRADE,XAGJPY,long,6.91,0.72,-1.891,0.2046
2024-05-01,TRADE,XAGJPY,long,9.05,-1.79,0.5996,3.3221
2024-05-02,TRADE,XAGJPY,long,4.98,-0.64,1.7408,2.7085
2024-05-03,TRADE,XAGCHF,long,2.91,0.31,3.3171,3.4638
2024-05-06,TRADE,XAGUSD,long,4.06,4.06,2.7878,2.7878
2024-05-07,TRADE,XAGJPY,long,4.91,2.64,4.3335,3.56
2024-05-08,TRADE,XAGUSD,long,4.15,4.15,3.1432,3.1432
2024-05-09,TRADE,XAGJPY,long,8.08,5.95,1.7851,1.2548
2024-05-10,TRADE,XAGJPY,long,11.84,7.79,5.1269,4.382
2024-05-13,TRADE,XAGJPY,long,11.99,7.62,4.0806,5.1168
2024-05-14,TRADE,XAGJPY,long,11.67,7.96,8.3984,8.9942
2024-05-15,TRADE,XAGJPY,long,11.58,8.61,8.599,9.1177
2024-05-16,TRADE,XAGUSD,long,10.36,10.36,7.4263,7.4263
2024-05-17,TRADE,XAGUSD,long,9.46,9.46,0.7988,0.7988
2024-05-20,TRADE,XAGUSD,long,9.74,9.74,-5.9649,-5.9649
2024-05-21,TRADE,XAGUSD,long,9.16,9.16,-4.8262,-4.8262
2024-05-22,TRADE,XAGUSD,long,8.64,8.64,2.1601,2.1601
2024-05-23,TRADE,XAGJPY,long,11.73,7.38,6.7153,6.3367
2024-05-24,TRADE,XAGJPY,long,11.39,7.28,3.9069,3.4883
2024-05-28,TRADE,XAGUSD,long,8.43,8.43,-5.236,-5.236
2024-05-29,TRADE,XAGUSD,long,8.83,8.83,-4.8505,-4.8505
2024-05-30,TRADE,XAGJPY,long,11.55,7.72,-6.9665,-6.0533
2024-05-31,TRADE,XAGJPY,long,11.98,6.97,-2.3038,-1.1519
2024-06-03,TRADE,XAGJPY,long,10.45,6.03,1.1661,1.9777
2024-06-04,TRADE,XAGUSD,long,2.82,2.82,-0.5189,-0.5189
2024-06-05,TRADE,XAGUSD,long,3.02,3.02,-0.5977,-0.5977
2024-06-06,TRADE,XAGUSD,long,7.32,7.32,-6.7655,-6.7655
2024-06-07,TRADE,XAGUSD,long,3.27,3.27,2.8669,2.8669
2024-06-10,TRADE,XAGJPY,long,4.29,0.35,-2.6373,-2.6168
2024-06-11,TRADE,XAGJPY,long,4.05,-0.05,0.9799,0.9234
2024-06-12,TRADE,XAGJPY,long,7.12,3.14,-2.5473,-2.8201
2024-06-13,TRADE,XAGJPY,long,5.14,1.34,2.3606,1.7765
2024-06-14,TRADE,XAGJPY,long,5.04,1.06,5.2261,4.6731
2024-06-17,TRADE,XAGEUR,long,4.06,0.73,0.8058,0.8457
2024-06-18,TRADE,XAGJPY,long,4.6,2.05,1.3154,-0.0542
2024-06-20,TRADE,XAGJPY,long,8.98,6.22,-5.2753,-6.3004
2024-06-21,TRADE,XAGJPY,long,7.87,1.85,-1.7809,-2.2453
2024-06-24,TRADE,XAGJPY,long,10.85,2.31,-1.4701,-1.9363
2024-06-25,TRADE,XAGJPY,long,6.48,1.69,2.0227,1.3871
2024-06-26,TRADE,XAGJPY,long,7.22,1.39,2.1275,1.3525
2024-06-27,TRADE,XAGJPY,long,7.22,-0.36,2.0673,1.5043
2024-06-28,TRADE,XAGJPY,long,13.02,1.89,5.0153,4.484
2024-07-01,SKIP_SEASONAL,NONE,none,0.0,0.0,0.0,0.0
2024-07-02,SKIP_SEASONAL,NONE,none,0.0,0.0,0.0,0.0
2024-07-03,SKIP_SEASONAL,NONE,none,0.0,0.0,0.0,0.0
2024-07-05,SKIP_SEASONAL,NONE,none,0.0,0.0,0.0,0.0
2024-07-08,SKIP_SEASONAL,NONE,none,0.0,0.0,0.0,0.0
2024-07-09,SKIP_SEASONAL,NONE,none,0.0,0.0,0.0,0.0
2024-07-10,SKIP_SEASONAL,NONE,none,0.0,0.0,0.0,0.0
2024-07-11,SKIP_SEASONAL,NONE,none,0.0,0.0,0.0,0.0
2024-07-12,SKIP_SEASONAL,NONE,none,0.0,0.0,0.0,0.0
2024-07-15,SKIP_SEASONAL,NONE,none,0.0,0.0,0.0,0.0
2024-07-16,SKIP_SEASONAL,NONE,none,0.0,0.0,0.0,0.0
2024-07-17,SKIP_SEASONAL,NONE,none,0.0,0.0,0.0,0.0
2024-07-18,SKIP_SEASONAL,NONE,none,0.0,0.0,0.0,0.0
2024-07-19,SKIP_SEASONAL,NONE,none,0.0,0.0,0.0,0.0
2024-07-22,SKIP_SEASONAL,NONE,none,0.0,0.0,0.0,0.0
2024-07-23,SKIP_SEASONAL,NONE,none,0.0,0.0,0.0,0.0
2024-07-24,SKIP_SEASONAL,NONE,none,0.0,0.0,0.0,0.0
2024-07-25,SKIP_SEASONAL,NONE,none,0.0,0.0,0.0,0.0
2024-07-26,SKIP_SEASONAL,NONE,none,0.0,0.0,0.0,0.0
2024-07-29,SKIP_SEASONAL,NONE,none,0.0,0.0,0.0,0.0
2024-07-30,SKIP_SEASONAL,NONE,none,0.0,0.0,0.0,0.0
2024-07-31,SKIP_SEASONAL,NONE,none,0.0,0.0,0.0,0.0
2024-08-01,TRADE,XAGUSD,long,2.32,2.32,-4.3592,-4.3592
2024-08-02,TRADE,XAGAUD,long,6.55,1.66,-5.3062,-5.0131
2024-08-05,TRADE,XAGUSD,long,3.33,3.33,1.566,1.566
2024-08-06,TRADE,XAGUSD,long,3.83,3.83,1.443,1.443
2024-08-07,TRADE,XAGUSD,long,3.77,3.77,4.0514,4.0514
2024-08-08,TRADE,XAGAUD,long,5.67,2.52,-0.3514,0.7091
2024-08-09,TRADE,XAGUSD,long,2.67,2.67,-0.8477,-0.8477
2024-08-12,TRADE,XAGGBP,long,5.16,2.77,0.9023,1.5224
2024-08-13,TRADE,XAGUSD,long,2.02,2.02,3.9105,3.9105
2024-08-14,TRADE,XAGUSD,long,3.93,3.93,7.287,7.287
2024-08-15,TRADE,XAGUSD,long,4.29,4.29,3.927,3.927
2024-08-16,TRADE,XAGUSD,long,6.89,6.89,2.4255,2.4255
2024-08-19,TRADE,XAGUSD,long,8.31,8.31,-0.8003,-0.8003
2024-08-20,TRADE,XAGUSD,long,9.53,9.53,1.1237,1.1237
2024-08-21,TRADE,XAGUSD,long,10.22,10.22,1.6997,1.6997
2024-08-22,TRADE,XAGUSD,long,11.09,11.09,3.2579,3.2579
2024-08-23,TRADE,XAGUSD,long,10.76,10.76,-2.0479,-2.0479
2024-08-26,TRADE,XAGUSD,long,11.88,11.88,-1.4011,-1.4011
2024-08-27,TRADE,XAGUSD,long,12.8,12.8,-4.0733,-4.0733
2024-08-28,TRADE,XAGUSD,long,13.0,13.0,-4.1987,-4.1987
2024-08-29,TRADE,XAGUSD,long,12.04,12.04,-4.7028,-4.7028
2024-08-30,TRADE,XAGUSD,long,8.14,8.14,-0.0383,-0.0383
2024-09-03,SKIP_SEASONAL,NONE,none,0.0,0.0,0.0,0.0
2024-09-04,SKIP_SEASONAL,NONE,none,0.0,0.0,0.0,0.0
2024-09-05,SKIP_SEASONAL,NONE,none,0.0,0.0,0.0,0.0
2024-09-06,SKIP_SEASONAL,NONE,none,0.0,0.0,0.0,0.0
2024-09-09,SKIP_SEASONAL,NONE,none,0.0,0.0,0.0,0.0
2024-09-10,SKIP_SEASONAL,NONE,none,0.0,0.0,0.0,0.0
2024-09-11,SKIP_SEASONAL,NONE,none,0.0,0.0,0.0,0.0
2024-09-12,SKIP_SEASONAL,NONE,none,0.0,0.0,0.0,0.0
2024-09-13,SKIP_SEASONAL,NONE,none,0.0,0.0,0.0,0.0
2024-09-16,SKIP_SEASONAL,NONE,none,0.0,0.0,0.0,0.0
2024-09-17,SKIP_SEASONAL,NONE,none,0.0,0.0,0.0,0.0
2024-09-18,SKIP_SEASONAL,NONE,none,0.0,0.0,0.0,0.0
2024-09-19,SKIP_SEASONAL,NONE,none,0.0,0.0,0.0,0.0
2024-09-20,SKIP_SEASONAL,NONE,none,0.0,0.0,0.0,0.0
2024-09-23,SKIP_SEASONAL,NONE,none,0.0,0.0,0.0,0.0
2024-09-24,SKIP_SEASONAL,NONE,none,0.0,0.0,0.0,0.0
2024-09-25,SKIP_SEASONAL,NONE,none,0.0,0.0,0.0,0.0
2024-09-26,SKIP_SEASONAL,NONE,none,0.0,0.0,0.0,0.0
2024-09-27,SKIP_SEASONAL,NONE,none,0.0,0.0,0.0,0.0
2024-09-30,SKIP_SEASONAL,NONE,none,0.0,0.0,0.0,0.0
2024-10-01,TRADE,XAGUSD,long,10.93,10.93,2.172,2.172
2024-10-02,TRADE,XAGUSD,long,9.47,9.47,0.3699,0.3699
2024-10-03,TRADE,XAGUSD,long,9.4,9.4,-5.6976,-5.6976
2024-10-04,TRADE,XAGGBP,long,9.69,7.64,-5.0445,-5.3007
2024-10-07,TRADE,XAGJPY,long,12.5,6.15,-2.1079,-2.3311
2024-10-08,TRADE,XAGJPY,long,8.64,0.43,4.229,3.8379
2024-10-09,TRADE,XAGJPY,long,7.0,0.59,2.9729,2.1627
2024-10-10,TRADE,XAGJPY,long,8.85,1.97,2.0313,1.6836
2024-10-11,TRADE,XAGNZD,long,10.49,5.57,1.4217,0.7614
2024-10-14,TRADE,XAGCAD,long,8.6,2.89,1.3833,1.5764
2024-10-15,TRADE,XAGJPY,long,10.97,3.65,5.0747,4.7737
2024-10-16,TRADE,XAGJPY,long,9.91,3.67,6.9988,6.6404
2024-10-17,TRADE,XAGAUD,long,9.11,2.72,10.5145,10.3189
2024-10-18,TRADE,XAGJPY,long,11.04,6.33,2.5449,1.8406
2024-10-21,TRADE,XAGEUR,long,10.04,7.08,0.0493,-0.7618
2024-10-22,TRADE,XAGJPY,long,10.7,6.03,-2.771,-3.5256
2024-10-23,TRADE,XAGJPY,long,12.4,5.74,1.7718,0.5648
2024-10-24,TRADE,XAGJPY,long,14.3,5.32,2.2313,1.9577
2024-10-25,TRADE,XAGJPY,long,12.59,5.61,1.9169,0.9255
2024-10-28,TRADE,XAGJPY,long,16.54,4.03,-3.3201,-3.4792
2024-10-29,TRADE,XAGJPY,long,15.69,4.78,-5.7828,-5.0395
2024-10-30,TRADE,XAGJPY,long,15.76,4.72,-4.8451,-4.2283
2024-10-31,TRADE,XAGJPY,long,12.93,3.62,-0.5996,0.0061
2024-11-01,TRADE,XAGAUD,long,10.4,1.88,-4.994,-4.0594
2024-11-04,TRADE,XAGJPY,long,8.39,2.73,-0.8958,-2.2014
2024-11-05,TRADE,XAGJPY,long,8.52,2.73,-3.3987,-3.9688
2024-11-06,TRADE,XAGUSD,long,1.87,1.87,-2.1812,-2.1812
2024-11-07,TRADE,XAGJPY,long,6.72,-0.55,-3.9227,-3.3968
2024-11-08,TRADE,XAGJPY,long,5.66,0.12,-1.5129,-2.4522
2024-11-11,TRADE,XAGEUR,long,4.75,-1.25,1.3209,-0.1048
2024-11-12,TRADE,XAGEUR,long,5.8,-1.98,0.2358,-1.0265
2024-11-13,TRADE,XAGJPY,long,7.92,-3.87,1.8791,1.8732
2024-11-14,TRADE,XAGJPY,long,6.91,-3.37,1.7601,2.2945
2024-11-15,TRADE,XAGJPY,long,8.5,-5.05,0.7862,1.9262
2024-11-18,TRADE,XAGNZD,long,9.16,-4.66,-1.1559,-0.8054
2024-11-19,TRADE,XAGNZD,long,7.66,-3.09,0.8939,0.3236
2024-11-20,TRADE,XAGGBP,long,7.38,-2.17,-1.6294,-2.4099
2024-11-21,TRADE,XAGJPY,long,5.91,-2.05,-2.2756,-1.6951
2024-11-22,TRADE,XAGEUR,long,10.75,-2.06,-4.0267,-3.8264
2024-11-25,TRADE,XAGEUR,long,7.32,-1.64,0.7729,1.5723
2024-11-26,TRADE,XAGNZD,long,9.79,-2.27,-1.4146,0.2007
2024-11-27,TRADE,XAGNZD,long,7.01,-2.58,2.375,3.2081
2024-11-29,TRADE,XAGEUR,long,5.86,1.13,3.182,2.6723
2024-12-02,TRADE,XAGEUR,long,6.15,1.36,2.5505,2.2497
2024-12-03,TRADE,XAGEUR,long,10.46,0.51,-0.4491,0.3507
2024-12-04,TRADE,XAGEUR,long,11.99,2.73,1.728,2.2568
2024-12-05,TRADE,XAGAUD,long,11.68,2.58,3.8672,3.9474
2024-12-06,TRADE,XAGAUD,long,12.57,2.63,5.6224,4.4122
2024-12-09,TRADE,XAGAUD,long,13.13,3.1,-2.8236,-3.0668
2024-12-10,TRADE,XAGCAD,long,11.72,5.33,-4.9755,-5.2776
2024-12-11,TRADE,XAGAUD,long,13.39,5.02,-5.596,-5.7275
2024-12-12,TRADE,XAGNZD,long,12.65,1.35,-2.06,-2.0975
2024-12-13,TRADE,XAGNZD,long,9.71,-1.85,-0.5891,-0.7992
2024-12-16,TRADE,XAGNZD,long,11.1,-0.75,-2.6339,-5.222
2024-12-17,TRADE,XAGJPY,long,7.47,-1.99,-0.7462,-2.9863
2024-12-18,TRADE,XAGNZD,long,10.14,-2.42,0.1357,-1.7165
2024-12-19,TRADE,XAGUSD,short,11.54,11.54,-3.0247,-3.0247
2024-12-20,TRADE,XAGNZD,long,13.28,-4.44,0.8853,1.3048
2024-12-23,TRADE,XAGNZD,long,10.62,-3.49,-0.3209,-0.7796
2024-12-24,TRADE,XAGNZD,long,10.62,-4.63,-2.7719,-2.8958
2024-12-26,TRADE,XAGNZD,long,9.77,-2.32,-3.4932,-3.6842
2024-12-27,TRADE,XAGNZD,long,8.6,-3.45,0.3737,-0.1113
2024-12-30,TRADE,XAGUSD,short,9.68,9.68,-2.405,-2.405
2024-12-31,TRADE,XAGUSD,short,9.13,9.13,-4.8445,-4.8445
2025-01-02,TRADE,XAGNZD,long,11.25,-3.94,2.0434,2.7851
2025-01-03,TRADE,XAGNZD,long,11.88,-4.35,1.3971,2.1673
2025-01-06,TRADE,XAGNZD,long,14.03,-1.07,1.6732,1.4798
2025-01-07,TRADE,XAGNZD,long,13.03,0.07,2.9478,2.1151
2025-01-08,TRADE,XAGNZD,long,13.35,-0.39,0.0697,-1.1855
2025-01-09,TRADE,XAGJPY,long,13.26,-0.35,-2.6525,-2.1402
2025-01-10,TRADE,XAGNZD,long,13.14,1.71,0.5627,0.7333
2025-01-13,TRADE,XAGGBP,long,14.51,-1.0,4.4303,4.7589
2025-01-14,TRADE,XAGGBP,long,14.6,-0.75,2.6879,2.718
2025-01-15,TRADE,XAGGBP,long,14.74,1.74,-0.9816,-0.0255
2025-01-16,TRADE,XAGGBP,long,13.43,2.91,-1.6404,-0.9009
2025-01-17,TRADE,XAGGBP,long,12.18,4.0,-1.5203,-0.8982
2025-01-21,TRADE,XAGGBP,long,10.27,5.49,-1.1006,-0.9198
2025-01-22,TRADE,XAGGBP,long,9.93,5.17,-4.1166,-3.1531
2025-01-23,TRADE,XAGGBP,long,10.63,3.68,-1.0008,0.176
2025-01-24,TRADE,XAGCHF,long,9.04,3.96,0.3202,0.693
2025-01-27,TRADE,XAGUSD,long,2.05,2.05,6.9743,6.9743
2025-01-28,TRADE,XAGCAD,long,8.06,2.68,5.2275,4.5595
2025-01-29,TRADE,XAGCAD,long,10.04,4.59,5.9777,3.6942
2025-01-30,TRADE,XAGAUD,long,10.54,6.67,1.985,1.6191
2025-01-31,TRADE,XAGAUD,long,11.09,6.81,1.6786,2.269
2025-02-03,TRADE,XAGAUD,long,14.29,3.83,-1.8673,0.389
2025-02-04,TRADE,XAGAUD,long,11.18,5.7,-2.6895,-1.6815
2025-02-05,TRADE,XAGNZD,long,10.31,7.16,-1.3974,-1.4152
2025-02-06,TRADE,XAGUSD,long,8.56,8.56,-0.8826,-0.8826
2025-02-07,TRADE,XAGUSD,long,8.99,8.99,1.1133,1.1133
2025-02-10,TRADE,XAGUSD,long,9.65,9.65,0.7965,0.7965
2025-02-11,TRADE,XAGUSD,long,8.3,8.3,1.7685,1.7685
2025-02-12,TRADE,XAGCHF,long,10.24,8.06,0.5329,1.9024
2025-02-13,TRADE,XAGCHF,long,10.84,5.85,-0.0337,1.0505
2025-02-14,TRADE,XAGUSD,long,8.67,8.67,1.9603,1.9603
2025-02-18,TRADE,XAGUSD,long,9.77,9.77,-1.0235,-1.0235
2025-02-19,TRADE,XAGUSD,long,8.44,8.44,-1.2669,-1.2669
2025-02-20,TRADE,XAGUSD,long,9.28,9.28,-4.9127,-4.9127
2025-02-21,TRADE,XAGUSD,long,9.85,9.85,-2.1925,-2.1925
2025-02-24,TRADE,XAGUSD,long,5.79,5.79,-2.3761,-2.3761
2025-02-25,TRADE,XAGUSD,long,1.14,1.14,-1.8301,-1.8301
2025-02-26,TRADE,XAGUSD,long,4.19,4.19,-0.6852,-0.6852
2025-02-27,TRADE,XAGUSD,long,2.81,2.81,0.9654,0.9654
2025-02-28,TRADE,XAGNZD,long,6.05,-0.58,4.6109,5.25
2025-03-03,TRADE,XAGNZD,long,8.04,0.8,0.9773,3.2187
2025-03-04,TRADE,XAGNZD,long,7.66,1.46,-0.8068,1.3704
2025-03-05,TRADE,XAGNZD,long,7.42,4.23,-2.6174,-1.7743
2025-03-06,TRADE,XAGUSD,long,5.93,5.93,-0.5293,-0.5293
2025-03-07,TRADE,XAGUSD,long,7.36,7.36,2.8758,2.8758
2025-03-10,TRADE,XAGUSD,long,6.15,6.15,5.5027,5.5027
2025-03-11,TRADE,XAGUSD,long,9.35,9.35,3.9498,3.9498
2025-03-12,TRADE,XAGUSD,long,8.68,8.68,1.762,1.762
2025-03-13,TRADE,XAGUSD,long,10.47,10.47,1.5506,1.5506
2025-03-14,TRADE,XAGUSD,long,9.8,9.8,-0.6201,-0.6201
2025-03-17,TRADE,XAGUSD,long,9.88,9.88,-0.8452,-0.8452
2025-03-18,TRADE,XAGUSD,long,10.8,10.8,-3.7277,-3.7277
2025-03-19,TRADE,XAGUSD,long,11.02,11.02,-2.0898,-2.0898
2025-03-20,TRADE,XAGUSD,long,11.04,11.04,0.6393,0.6393
2025-03-21,TRADE,XAGUSD,long,9.78,9.78,2.2319,2.2319
2025-03-24,TRADE,XAGUSD,long,9.22,9.22,4.9061,4.9061
2025-03-25,TRADE,XAGUSD,long,8.55,8.55,1.8881,1.8881
2025-03-26,TRADE,XAGUSD,long,8.68,8.68,1.2458,1.2458
2025-03-27,TRADE,XAGUSD,long,8.31,8.31,-2.1177,-2.1177
2025-03-28,TRADE,XAGUSD,long,9.95,9.95,-0.4185,-0.4185
2025-03-31,TRADE,XAGUSD,long,10.3,10.3,-7.5834,-7.5834
2025-04-01,TRADE,XAGUSD,long,7.31,7.31,-14.7608,-14.7608
2025-04-02,TRADE,XAGUSD,long,7.41,7.41,-14.4613,-14.4613
2025-04-03,TRADE,XAGUSD,long,3.65,3.65,-7.072,-7.072
2025-04-04,TRADE,XAGJPY,short,11.81,0.47,-3.8706,-4.1455
2025-04-07,TRADE,XAGCHF,short,12.92,3.62,-4.4029,-3.9343
2025-04-08,TRADE,XAGCHF,short,11.56,4.52,-2.6703,-7.5426
2025-04-09,TRADE,XAGCHF,short,14.77,4.09,-2.3797,-5.8339
2025-04-10,TRADE,XAGCHF,short,11.71,3.87,-0.2227,-5.0732
2025-04-11,TRADE,XAGUSD,long,6.52,6.52,3.4628,3.4628
2025-04-14,TRADE,XAGUSD,long,9.72,9.72,1.0221,1.0221
2025-04-15,TRADE,XAGUSD,long,10.12,10.12,2.0263,2.0263
2025-04-16,TRADE,XAGUSD,long,9.76,9.76,1.798,1.798
2025-04-17,TRADE,XAGUSD,long,10.45,10.45,3.2758,3.2758
2025-04-22,TRADE,XAGUSD,long,12.11,12.11,0.3315,0.3315
2025-04-23,TRADE,XAGUSD,long,11.4,11.4,-1.5753,-1.5753
2025-04-24,TRADE,XAGUSD,long,12.81,12.81,-0.6182,-0.6182
2025-04-25,TRADE,XAGUSD,long,13.51,13.51,-1.3883,-1.3883
2025-04-28,TRADE,XAGUSD,long,12.42,12.42,-2.428,-2.428
2025-04-29,TRADE,XAGUSD,long,13.05,13.05,-3.8648,-3.8648
2025-04-30,TRADE,XAGUSD,long,10.94,10.94,-1.0021,-1.0021
2025-05-01,TRADE,XAGUSD,long,9.63,9.63,2.8705,2.8705
2025-05-02,TRADE,XAGUSD,long,5.78,5.78,1.6943,1.6943
2025-05-05,TRADE,XAGUSD,long,6.4,6.4,0.5372,0.5372
2025-05-06,TRADE,XAGUSD,long,10.45,10.45,-1.3197,-1.3197
2025-05-07,TRADE,XAGUSD,long,7.73,7.73,-0.4396,-0.4396
2025-05-08,TRADE,XAGUSD,long,7.16,7.16,1.5134,1.5134
2025-05-09,TRADE,XAGUSD,long,7.75,7.75,-1.3771,-1.3771
2025-05-12,TRADE,XAGUSD,long,5.37,5.37,0.2871,0.2871
2025-05-13,TRADE,XAGJPY,long,9.92,3.47,-3.9394,-2.1602
2025-05-14,TRADE,XAGJPY,long,7.56,1.21,-1.2457,0.27
2025-05-15,TRADE,XAGJPY,long,6.12,3.11,0.3766,1.5363
2025-05-16,TRADE,XAGUSD,long,4.41,4.41,4.0581,4.0581
2025-05-19,TRADE,XAGUSD,long,4.0,4.0,2.2715,2.2715
2025-05-20,TRADE,XAGUSD,long,5.95,5.95,1.4009,1.4009
2025-05-21,TRADE,XAGUSD,long,10.34,10.34,-0.9473,-0.9473
2025-05-22,TRADE,XAGUSD,long,11.32,11.32,-0.1422,-0.1422
2025-05-23,TRADE,XAGUSD,long,10.25,10.25,-0.4755,-0.4755
2025-05-27,TRADE,XAGUSD,long,10.19,10.19,-0.7663,-0.7663
2025-05-28,TRADE,XAGUSD,long,7.82,7.82,4.7364,4.7364
2025-05-29,TRADE,XAGUSD,long,9.48,9.48,3.6655,3.6655
2025-05-30,TRADE,XAGUSD,long,9.32,9.32,4.9465,4.9465
2025-06-02,TRADE,XAGUSD,long,9.72,9.72,3.2578,3.2578
2025-06-03,TRADE,XAGUSD,long,11.01,11.01,4.4112,4.4112
2025-06-04,TRADE,XAGUSD,long,10.3,10.3,6.2835,6.2835
2025-06-05,TRADE,XAGUSD,long,12.08,12.08,2.3901,2.3901
2025-06-06,TRADE,XAGUSD,long,11.87,11.87,0.3914,0.3914
2025-06-09,TRADE,XAGUSD,long,11.02,11.02,-1.2947,-1.2947
2025-06-10,TRADE,XAGUSD,long,11.27,11.27,-0.7143,-0.7143
2025-06-11,TRADE,XAGUSD,long,11.2,11.2,0.589,0.589
2025-06-12,TRADE,XAGUSD,long,11.12,11.12,2.4218,2.4218
2025-06-13,TRADE,XAGUSD,long,12.17,12.17,1.6124,1.6124
2025-06-16,TRADE,XAGUSD,long,11.69,11.69,-1.1078,-1.1078
2025-06-17,TRADE,XAGUSD,long,11.46,11.46,-2.5263,-2.5263
2025-06-18,TRADE,XAGUSD,long,10.21,10.21,-3.1601,-3.1601
2025-06-20,TRADE,XAGUSD,long,8.56,8.56,0.303,0.303
2025-06-23,TRADE,XAGJPY,long,9.76,7.65,0.2842,1.1977
2025-06-24,TRADE,XAGUSD,long,7.57,7.57,0.9411,0.9411
2025-06-25,TRADE,XAGUSD,long,9.35,9.35,-0.6457,-0.6457
2025-06-26,TRADE,XAGUSD,long,12.53,12.53,-1.3776,-1.3776
2025-06-27,TRADE,XAGUSD,long,8.42,8.42,1.0794,1.0794
2025-06-30,TRADE,XAGUSD,long,8.68,8.68,2.5996,2.5996
2025-07-01,SKIP_SEASONAL,NONE,none,0.0,0.0,0.0,0.0
2025-07-02,SKIP_SEASONAL,NONE,none,0.0,0.0,0.0,0.0
2025-07-03,SKIP_SEASONAL,NONE,none,0.0,0.0,0.0,0.0
2025-07-04,SKIP_SEASONAL,NONE,none,0.0,0.0,0.0,0.0
2025-07-07,SKIP_SEASONAL,NONE,none,0.0,0.0,0.0,0.0
2025-07-08,SKIP_SEASONAL,NONE,none,0.0,0.0,0.0,0.0
2025-07-09,SKIP_SEASONAL,NONE,none,0.0,0.0,0.0,0.0
2025-07-10,SKIP_SEASONAL,NONE,none,0.0,0.0,0.0,0.0
2025-07-11,SKIP_SEASONAL,NONE,none,0.0,0.0,0.0,0.0
2025-07-14,SKIP_SEASONAL,NONE,none,0.0,0.0,0.0,0.0
2025-07-15,SKIP_SEASONAL,NONE,none,0.0,0.0,0.0,0.0
2025-07-16,SKIP_SEASONAL,NONE,none,0.0,0.0,0.0,0.0
2025-07-17,SKIP_SEASONAL,NONE,none,0.0,0.0,0.0,0.0
2025-07-18,SKIP_SEASONAL,NONE,none,0.0,0.0,0.0,0.0
2025-07-21,SKIP_SEASONAL,NONE,none,0.0,0.0,0.0,0.0
2025-07-22,SKIP_SEASONAL,NONE,none,0.0,0.0,0.0,0.0
2025-07-23,SKIP_SEASONAL,NONE,none,0.0,0.0,0.0,0.0
2025-07-24,SKIP_SEASONAL,NONE,none,0.0,0.0,0.0,0.0
2025-07-25,SKIP_SEASONAL,NONE,none,0.0,0.0,0.0,0.0
2025-07-28,SKIP_SEASONAL,NONE,none,0.0,0.0,0.0,0.0
2025-07-29,SKIP_SEASONAL,NONE,none,0.0,0.0,0.0,0.0
2025-07-30,SKIP_SEASONAL,NONE,none,0.0,0.0,0.0,0.0
2025-07-31,SKIP_SEASONAL,NONE,none,0.0,0.0,0.0,0.0
2025-08-01,TRADE,XAGJPY,long,8.39,-3.05,0.4742,2.6613
2025-08-04,TRADE,XAGNZD,long,5.15,0.33,2.3498,2.5973
2025-08-05,TRADE,XAGUSD,long,3.87,3.87,1.937,1.937
2025-08-06,TRADE,XAGNZD,long,5.78,3.6,-0.946,-0.2754
2025-08-07,TRADE,XAGUSD,long,5.09,5.09,-0.6788,-0.6788
2025-08-08,TRADE,XAGUSD,long,6.92,6.92,0.2134,0.2134
2025-08-11,TRADE,XAGCHF,long,3.89,1.6,0.5062,0.8497
2025-08-12,TRADE,XAGJPY,long,5.91,3.19,-0.3061,-0.0132
2025-08-13,TRADE,XAGUSD,long,7.12,7.12,-1.4234,-1.4234
2025-08-14,TRADE,XAGUSD,long,7.25,7.25,-1.8983,-1.8983
2025-08-15,TRADE,XAGUSD,long,6.02,6.02,-0.4988,-0.4988
2025-08-18,TRADE,XAGUSD,long,6.21,6.21,0.2003,0.2003
2025-08-19,TRADE,XAGUSD,long,1.71,1.71,4.6751,4.6751
2025-08-20,TRADE,XAGNZD,long,9.37,2.83,3.1423,2.5779
2025-08-21,TRADE,XAGNZD,long,13.61,4.23,1.0952,1.4595
2025-08-22,TRADE,XAGNZD,long,12.85,5.97,-1.4161,-0.8051
2025-08-25,TRADE,XAGNZD,long,11.32,7.46,1.3995,1.3264
2025-08-26,TRADE,XAGNZD,long,11.81,7.04,3.558,4.1937
2025-08-27,TRADE,XAGNZD,long,10.62,5.07,5.2961,6.1568
2025-08-28,TRADE,XAGUSD,long,8.87,8.87,6.0015,6.0015
2025-08-29,TRADE,XAGUSD,long,9.87,9.87,1.7687,1.7687
2025-09-02,SKIP_SEASONAL,NONE,none,0.0,0.0,0.0,0.0
2025-09-03,SKIP_SEASONAL,NONE,none,0.0,0.0,0.0,0.0
2025-09-04,SKIP_SEASONAL,NONE,none,0.0,0.0,0.0,0.0
2025-09-05,SKIP_SEASONAL,NONE,none,0.0,0.0,0.0,0.0
2025-09-08,SKIP_SEASONAL,NONE,none,0.0,0.0,0.0,0.0
2025-09-09,SKIP_SEASONAL,NONE,none,0.0,0.0,0.0,0.0
2025-09-10,SKIP_SEASONAL,NONE,none,0.0,0.0,0.0,0.0
2025-09-11,SKIP_SEASONAL,NONE,none,0.0,0.0,0.0,0.0
2025-09-12,SKIP_SEASONAL,NONE,none,0.0,0.0,0.0,0.0
2025-09-15,SKIP_SEASONAL,NONE,none,0.0,0.0,0.0,0.0
2025-09-16,SKIP_SEASONAL,NONE,none,0.0,0.0,0.0,0.0
2025-09-17,SKIP_SEASONAL,NONE,none,0.0,0.0,0.0,0.0
2025-09-18,SKIP_SEASONAL,NONE,none,0.0,0.0,0.0,0.0
2025-09-19,SKIP_SEASONAL,NONE,none,0.0,0.0,0.0,0.0
2025-09-22,SKIP_SEASONAL,NONE,none,0.0,0.0,0.0,0.0
2025-09-23,SKIP_SEASONAL,NONE,none,0.0,0.0,0.0,0.0
2025-09-24,SKIP_SEASONAL,NONE,none,0.0,0.0,0.0,0.0
2025-09-25,SKIP_SEASONAL,NONE,none,0.0,0.0,0.0,0.0
2025-09-26,SKIP_SEASONAL,NONE,none,0.0,0.0,0.0,0.0
2025-09-29,SKIP_SEASONAL,NONE,none,0.0,0.0,0.0,0.0
2025-09-30,SKIP_SEASONAL,NONE,none,0.0,0.0,0.0,0.0
2025-10-01,TRADE,XAGNZD,long,11.03,7.35,1.1739,1.6748
2025-10-02,TRADE,XAGUSD,long,7.97,7.97,2.563,2.563
2025-10-03,TRADE,XAGUSD,long,8.52,8.52,2.2249,2.2249
2025-10-06,TRADE,XAGUSD,long,7.6,7.6,-2.5623,-2.5623
2025-10-07,TRADE,XAGJPY,long,11.06,7.39,1.2324,-0.5108
2025-10-08,TRADE,XAGJPY,long,13.52,6.45,3.0328,3.0294
2025-10-09,TRADE,XAGJPY,long,15.25,5.77,7.2208,7.3938
2025-10-10,TRADE,XAGJPY,long,15.51,3.79,7.9317,8.8095
2025-10-13,TRADE,XAGNZD,long,13.48,5.25,5.9684,5.771
2025-10-14,TRADE,XAGNZD,long,14.33,4.45,-1.0593,-0.8944
2025-10-15,TRADE,XAGNZD,long,14.08,4.68,-0.2034,0.0901
2025-10-16,TRADE,XAGNZD,long,13.56,5.64,-10.9525,-10.5105
2025-10-17,TRADE,XAGNZD,long,12.18,7.03,-5.0775,-4.8191
2025-10-20,TRADE,XAGNZD,long,11.05,7.15,-5.2428,-5.1586
2025-10-21,TRADE,XAGNZD,long,5.32,2.52,1.7639,1.9536
2025-10-22,TRADE,XAGJPY,long,8.78,0.87,-1.1398,-1.8942
2025-10-23,TRADE,XAGJPY,long,9.67,5.17,-2.3269,-2.799
2025-10-24,TRADE,XAGJPY,long,8.24,5.57,-1.919,-1.356
2025-10-27,TRADE,XAGJPY,long,6.45,1.07,3.7772,4.0076
2025-10-28,TRADE,XAGJPY,long,6.53,1.27,2.6497,1.844
2025-10-29,TRADE,XAGJPY,long,6.54,1.93,1.9796,0.35
2025-10-30,TRADE,XAGJPY,long,8.31,2.78,-1.7359,-2.6803
2025-10-31,TRADE,XAGJPY,long,9.53,1.98,-0.4952,-0.273
2025-11-03,TRADE,XAGJPY,long,8.35,1.68,-0.2753,-0.1963
2025-11-04,TRADE,XAGJPY,long,9.18,-1.83,1.0522,1.882
2025-11-05,TRADE,XAGNZD,long,11.17,0.23,5.1177,4.8346
2025-11-06,TRADE,XAGGBP,long,9.21,0.9,4.9409,5.9087
2025-11-07,TRADE,XAGNZD,long,9.94,1.14,10.7101,11.069
2025-11-10,TRADE,XAGNZD,long,12.75,6.27,5.1182,5.7736
2025-11-11,TRADE,XAGNZD,long,11.77,6.97,-0.1811,-0.0553
2025-11-12,TRADE,XAGJPY,long,10.98,7.77,-4.7615,-5.0758
2025-11-13,TRADE,XAGJPY,long,11.91,7.48,-4.6,-4.944
2025-11-14,TRADE,XAGJPY,long,12.59,7.46,0.9894,0.3953
2025-11-17,TRADE,XAGJPY,long,11.97,7.38,0.7988,-0.7467
2025-11-18,TRADE,XAGJPY,long,12.54,6.7,0.1907,-1.1437
2025-11-19,TRADE,XAGJPY,long,12.59,6.66,-0.2489,-0.9746
2025-11-20,TRADE,XAGJPY,long,14.09,5.41,1.333,1.3672
2025-11-21,TRADE,XAGJPY,long,14.53,4.77,5.3336,6.1015
2025-11-24,TRADE,XAGJPY,long,13.39,3.82,11.9405,12.2298
2025-11-25,TRADE,XAGJPY,long,13.42,3.95,13.9547,14.6935
2025-11-26,TRADE,XAGJPY,long,11.29,3.6,9.1035,9.5756
2025-11-28,TRADE,XAGJPY,long,10.37,8.2,2.2999,2.6131
2025-12-01,TRADE,XAGUSD,long,8.48,8.48,-2.6892,-2.6892
2025-12-02,TRADE,XAGUSD,long,8.16,8.16,0.7571,0.7571
2025-12-03,TRADE,XAGJPY,long,10.89,8.7,-0.5442,-0.2452
2025-12-04,TRADE,XAGUSD,long,8.92,8.92,5.8438,5.8438
2025-12-05,TRADE,XAGJPY,long,10.28,8.25,4.4796,3.3498
2025-12-08,TRADE,XAGUSD,long,8.57,8.57,10.644,10.644
2025-12-09,TRADE,XAGJPY,long,11.14,8.21,1.8015,1.9827
2025-12-10,TRADE,XAGJPY,long,12.59,7.56,3.6101,4.2415
2025-12-11,TRADE,XAGJPY,long,11.28,8.49,-2.4103,-1.9224
2025-12-12,TRADE,XAGUSD,long,9.06,9.06,7.9447,7.9447
2025-12-15,TRADE,XAGJPY,long,10.96,8.72,2.366,2.6247
2025-12-16,TRADE,XAGUSD,long,9.04,9.04,6.6108,6.6108
2025-12-17,TRADE,XAGUSD,long,9.27,9.27,2.5197,2.5197
2025-12-18,TRADE,XAGUSD,long,8.69,8.69,9.1234,9.1234
2025-12-19,TRADE,XAGUSD,long,9.07,9.07,6.2622,6.2622
2025-12-22,TRADE,XAGJPY,long,11.74,8.38,11.5022,12.6351
2025-12-23,TRADE,XAGJPY,long,11.41,9.37,-1.1539,-0.8924
2025-12-24,TRADE,XAGUSD,long,10.07,10.07,8.9299,8.9299
2025-12-26,TRADE,XAGUSD,long,9.86,9.86,-8.3048,-8.3048
2025-12-29,TRADE,XAGUSD,long,9.64,9.64,1.0021,1.0021
2025-12-30,TRADE,XAGUSD,long,9.91,9.91,-1.5638,-1.5638
2025-12-31,TRADE,XAGUSD,long,8.91,8.91,14.823,14.823
2026-01-02,TRADE,XAGUSD,long,8.2,8.2,9.3245,9.3245
2026-01-05,TRADE,XAGJPY,long,10.43,7.67,-2.0624,-1.9012
2026-01-06,TRADE,XAGUSD,long,8.62,8.62,-2.044,-2.044
2026-01-07,TRADE,XAGUSD,long,8.24,8.24,9.6908,9.6908
2026-01-08,TRADE,XAGUSD,long,8.19,8.19,14.9379,14.9379
2026-01-09,TRADE,XAGUSD,long,7.99,7.99,15.1932,15.1932
2026-01-12,TRADE,XAGJPY,long,11.55,6.87,8.7613,8.5876
2026-01-13,TRADE,XAGJPY,long,11.9,7.24,2.9742,2.5781
2026-01-14,TRADE,XAGJPY,long,13.06,6.71,3.0197,3.6723
2026-01-15,TRADE,XAGJPY,long,12.4,7.11,0.2115,0.3635
2026-01-16,TRADE,XAGJPY,long,12.34,7.08,8.8548,8.951
2026-01-20,TRADE,XAGJPY,long,10.58,7.88,7.3517,7.1322
2026-01-21,TRADE,XAGUSD,long,9.39,9.39,24.8021,24.8021
2026-01-22,TRADE,XAGUSD,long,8.49,8.49,9.9473,9.9473
2026-01-23,TRADE,XAGUSD,long,9.77,9.77,12.0743,12.0743
2026-01-26,TRADE,XAGUSD,long,12.05,12.05,-0.9063,-0.9063
2026-01-27,TRADE,XAGUSD,long,12.38,12.38,-25.8076,-25.8076
2026-01-28,TRADE,XAGUSD,long,14.44,14.44,-32.1215,-32.1215
2026-01-29,TRADE,XAGUSD,long,14.98,14.98,-27.1798,-27.1798
2026-01-30,TRADE,XAGUSD,long,8.68,8.68,7.5042,7.5042
2026-02-02,TRADE,XAGUSD,long,5.29,5.29,-0.3243,-0.3243
2026-02-03,TRADE,XAGUSD,long,4.47,4.47,-7.595,-7.595
2026-02-04,TRADE,XAGUSD,long,4.02,4.02,-2.4951,-2.4951
2026-02-05,TRADE,XAGJPY,long,5.29,3.18,4.296,4.8204
2026-02-06,TRADE,XAGJPY,long,5.03,2.16,7.5445,9.1471
2026-02-09,TRADE,XAGUSD,long,4.87,4.87,-7.9437,-7.9437
2026-02-10,TRADE,XAGUSD,long,6.18,6.18,-2.9507,-2.9507
2026-02-11,TRADE,XAGUSD,long,6.11,6.11,-12.3063,-12.3063
2026-02-12,TRADE,XAGUSD,long,5.83,5.83,2.5984,2.5984
2026-02-13,TRADE,XAGUSD,long,6.22,6.22,-0.3674,-0.3674
2026-02-17,TRADE,XAGUSD,long,4.69,4.69,12.0304,12.0304
2026-02-18,TRADE,XAGUSD,long,4.42,4.42,11.6296,11.6296
2026-02-19,TRADE,XAGUSD,long,3.05,3.05,12.7532,12.7532
2026-02-20,TRADE,XAGUSD,long,7.36,7.36,10.5198,10.5198
2026-02-23,TRADE,XAGUSD,long,9.47,9.47,0.549,0.549
2026-02-24,TRADE,XAGGBP,long,8.98,6.69,7.9653,7.9216
